{"BestScore":{"TotalScore":5770,"Moves":350,"BestTile":512,"Board":[[4,8,16,2],[2,32,64,16],[8,4,512,32],[4,64,4,2]],"StartingBoard":[[2,null,null,null],[null,null,null,2],[null,null,null,null],[null,null,null,null]]},"WorstScore":{"TotalScore":366,"Moves":48,"BestTile":32,"Board":[[4,2,4,2],[8,16,2,4],[2,4,8,16],[4,32,4,2]],"StartingBoard":[[null,null,2,null],[null,null,null,null],[2,null,null,null],[null,null,null,null]]},"count":60000,"AvgTile":162.36000000000155,"AvgScore":2046.9254333333461,"AvgMoves":157.12138333333209,"AvgRatio":11.944566666666686,"BestTileIndex":[128,256,64,512,32],"BestTileHits":[29256,18715,10382,1018,629],"AvgTime":0.00013892896661781072}