{"BestScore":{"TotalScore":10818,"Moves":548,"BestTile":1024,"Board":[[2,32,64,2],[16,8,2,4],[2,1024,8,2],[2,8,2,16]],"StartingBoard":[[null,null,null,null],[null,null,null,null],[null,null,null,2],[2,null,null,null]]},"WorstScore":{"TotalScore":176,"Moves":30,"BestTile":16,"Board":[[2,2,4,2],[8,16,2,8],[2,4,8,2],[2,8,2,4]],"StartingBoard":[[null,null,null,null],[null,null,null,null],[null,null,null,null],[null,2,2,null]]},"count":100590000,"AvgTile":164.2946713589667,"AvgScore":2077.0094254899145,"AvgMoves":159.13785808729887,"AvgRatio":12.011140878816304,"BestTileIndex":[128,256,64,512,32,16,1024],"BestTileHits":[50044528,32566276,15575581,1479088,919707,4724,96],"AvgTime":0.00044719692167714017}